CarNumber,Surname
Y163O8161RUS,KELLY
E432XX77RUS,RICHARDSON
7184TT36RUS,CRUZ
X582HE161RUS,JONES
E34877152RUS,CARTER
92918M178RUS,SCOTT
E53488152RUS,STEWART
X4128H125RUS,FOSTER
C593EY154RUS,HOWARD
8049HT125RUS,REED
H234YH197RUS,MURPHY
E40577152RUS,HALL
707987163RUS,MORRIS
K330T8197RUS,CARTER
X786CO96RUS,JAMES
C477M7161RUS,REYES
O21997197RUS,LEE
M592CH197RUS,KIM
9020YC197RUS,CRUZ
8182XX154RUS,ADAMS
7830C8197RUS,GARCIA
9408H7178RUS,JACKSON
7066C8197RUS,PETERSON
M298CH161RUS,GOMEZ
M0299X197RUS,CRUZ
M268CH197RUS,FOSTER
E445TC197RUS,CARTER
8440XX154RUS,TURNER
9371CE154RUS,GARCIA
9182CE154RUS,WATSON
8601XX154RUS,SCOTT
X286TC36RUS,ALVAREZ
83298C154RUS,KING
Y7659C197RUS,GONZALEZ
C922YE197RUS,CHAVEZ
9935TE152RUS,THOMAS
7364C8197RUS,MILLER
M375CH197RUS,JAMES
M5039X197RUS,PRICE
8603T8154RUS,LEWIS
83218C154RUS,MARTINEZ
9499KX178RUS,WATSON
92928M178RUS,SMITH
H232YH197RUS,GARCIA
O672E8197RUS,COOPER
E42277152RUS,EDWARDS
X767HY197RUS,JIMENEZ
C903MC161RUS,JONES
T7318T163RUS,KIM
Y7719C197RUS,WALKER
T011MY163RUS,WALKER
H115YO163RUS,KIM
C420X938RUS,SANCHEZ
934497178RUS,ALLEN
X765HY197RUS,PRICE
73467Y96RUS,ALLEN
T6488M116RUS,MURPHY
O134HE197RUS,SANCHEZ
H968HY161RUS,RICHARDSON
Y654E8750RUS,TURNER
H963HY161RUS,GUTIERREZ
7843C8197RUS,BAILEY
X791O796RUS,KING
Y359O8197RUS,RODRIGUEZ
H958HY161RUS,COLLINS
X761HY197RUS,GOMEZ
708587163RUS,PATEL
Y358O8197RUS,HARRIS
Y973O8197RUS,SANCHEZ
9677MO178RUS,COOK
97977H178RUS,SANCHEZ
H917TC36RUS,CASTILLO
7361C8197RUS,WARD
Y357O8197RUS,MITCHELL
Y7709C197RUS,FLORES
E42377152RUS,GARCIA
8513XX154RUS,BAKER
T6418M116RUS,JACKSON
T870X7163RUS,FLORES
8818C877RUS,LONG
T395OT197RUS,JONES
K327T8197RUS,WRIGHT
8311XX154RUS,GOMEZ
X423MK197RUS,LONG
96429X178RUS,EDWARDS
O275O7161RUS,TAYLOR
7789KT197RUS,JIMENEZ
7248C8197RUS,JOHNSON
O83697197RUS,PHILLIPS
E28877161RUS,JOHNSON
T6068M116RUS,RAMIREZ
9498KX178RUS,KING
99209X178RUS,ALLEN
T6449O50RUS,YOUNG
9683EC178RUS,GUTIERREZ
Y353O8197RUS,GRAY
O719MM163RUS,HOWARD
7784KT197RUS,SANDERS
E535MM199RUS,HUGHES
H967HY161RUS,BROOKS
Y352O8197RUS,ORTIZ
7788KT197RUS,JOHNSON
Y351O8197RUS,ROGERS
T479KX197RUS,RICHARDSON
92788M178RUS,KING
E807HE77RUS,ROBERTS
7197TT36RUS,KING
M516CH161RUS,LOPEZ
89587X197RUS,LOPEZ
7781KT197RUS,COX
E645TH36RUS,PARKER
Y302E877RUS,TORRES
M058XE36RUS,GRAY
8166XX154RUS,BROOKS
M589CH197RUS,KELLY
H387TM197RUS,ROBINSON
X015HY197RUS,BROWN
T769OT197RUS,PATEL
9698MO178RUS,HILL
8685HE154RUS,CAMPBELL
7177TT36RUS,CASTILLO
O77997197RUS,HARRIS
X242EC197RUS,ROGERS
Y234E877RUS,ADAMS
K357YE77RUS,JOHNSON
97987H178RUS,CASTILLO
X257HE161RUS,WATSON
T399KX197RUS,MORRIS
H957HY161RUS,SANCHEZ
K379HY161RUS,SCOTT
T654HT96RUS,HERNANDEZ
E41977152RUS,KELLY
8439XX154RUS,MORGAN
7194TT36RUS,LEWIS
Y965EE197RUS,TAYLOR
X758HY197RUS,WRIGHT
9464EX178RUS,ADAMS
M0279X197RUS,SMITH
H224X836RUS,CRUZ
E6849O154RUS,WALKER
Y273O8197RUS,WARD
96907X197RUS,JOHNSON
O83797197RUS,WARD
9402KK197RUS,ROGERS
7368C8197RUS,TORRES
Y194O8161RUS,MORRIS
H427YH197RUS,TURNER
9583EY178RUS,SMITH
K376HE161RUS,BROWN
Y038E877RUS,DAVIS
9822H8161RUS,ALLEN
7826C8197RUS,RUIZ
9467EX178RUS,TURNER
K846YE77RUS,JIMENEZ
E160YX77RUS,PATEL
82337X197RUS,HERNANDEZ
X757HY197RUS,SANDERS
T195OK161RUS,WHITE
K2807K154RUS,BAKER
T8008Y125RUS,FLORES
9463EX178RUS,PATEL
Y960EE197RUS,GONZALEZ
7840C8197RUS,SCOTT
7827C8197RUS,FOSTER
T394KX197RUS,CHAVEZ
Y655E8750RUS,PRICE
H003MH197RUS,YOUNG
705787163RUS,CARTER
Y7699C197RUS,RICHARDSON
Y6829Y50RUS,HUGHES
Y8399C197RUS,JACKSON
9135X938RUS,ANDERSON
H385TM197RUS,BROWN
9428EX178RUS,CLARK
H837YK197RUS,HALL
O83597197RUS,GONZALEZ
E42577152RUS,ROGERS
E53277152RUS,COOPER
98017H178RUS,DIAZ
K329T8197RUS,HOWARD
C476M7161RUS,ROBERTS
9943KK197RUS,BROWN
9679EC178RUS,THOMPSON
8165XX154RUS,GARCIA
T476KX197RUS,LOPEZ
C422X938RUS,MARTIN
K328T8197RUS,JIMENEZ
9466EX178RUS,FOSTER
X256HE161RUS,FLORES
Y275O8197RUS,LOPEZ
H218X836RUS,SMITH
X255HE161RUS,COOPER
7370C8197RUS,BAKER
M373CH197RUS,ROGERS
O02397197RUS,PRICE
H217X836RUS,BENNETT
Y316E877RUS,WATSON
Y4298M777RUS,WILSON
O22297197RUS,RICHARDSON
M741T9152RUS,NELSON
9883HX152RUS,WHITE
H004MH197RUS,WILLIAMS
E53677152RUS,RICHARDSON
704987163RUS,RAMOS
E316EH197RUS,LEWIS
T6419O50RUS,ROBERTS
O02597197RUS,WOOD
M6977E152RUS,CHAVEZ
9938OH154RUS,MENDOZA
Y778EE197RUS,PRICE
7829C8197RUS,WATSON
T272HH163RUS,WARD
T018OX197RUS,DAVIS
Y255E877RUS,ROSS
O753MX161RUS,RIVERA
9697MO178RUS,HERNANDEZ
T686EO197RUS,YOUNG
O017KO197RUS,THOMPSON
C590EY154RUS,COOK
T941CC96RUS,MOORE
O22397197RUS,JOHNSON
T020OX197RUS,COOPER
E33577152RUS,DIAZ
E773EH197RUS,GRAY
T6428M116RUS,PEREZ
Y7129Y50RUS,HOWARD
Y418EX197RUS,LOPEZ
Y7689C197RUS,THOMAS
X796TH96RUS,COX
E52877152RUS,JIMENEZ
7369C8197RUS,WOOD
9409H7178RUS,FLORES
Y166O8161RUS,KELLY
705287163RUS,ALLEN
K559KC161RUS,JACKSON
8164XX154RUS,ORTIZ
84418C154RUS,ORTIZ
Y965O8197RUS,KELLY
M256OH161RUS,MORALES
8201XX154RUS,SANCHEZ
90159H178RUS,DIAZ
C798ET50RUS,CRUZ
Y193O8161RUS,CAMPBELL
Y187O8161RUS,CLARK
E0697X152RUS,GUTIERREZ
H982HY161RUS,JOHNSON
8610T8154RUS,RUIZ
E40877152RUS,RAMOS
K899T8197RUS,BENNETT
9941KK197RUS,WALKER
Y356O8197RUS,RAMOS
T914CT197RUS,DIAZ
O6939X163RUS,HILL
Y7649C197RUS,KING
M374CH197RUS,FOSTER
704687163RUS,RAMOS
X523OM161RUS,GARCIA
T6559O50RUS,JOHNSON
96857X197RUS,CRUZ
M581CH197RUS,BAILEY
M302CH161RUS,FOSTER
O143HO197RUS,COX
K436MO152RUS,LEE
E5878M777RUS,COX
7147OE161RUS,CASTILLO
7844C8197RUS,BROWN
C584EY154RUS,CRUZ
H214X836RUS,GREEN
E28977161RUS,COOK
H908YK197RUS,RICHARDSON
T016OX197RUS,NGUYEN
H889YK197RUS,DIAZ
7363C8197RUS,STEWART
T6039O50RUS,BROWN
7365C8197RUS,LEWIS
Y967O8197RUS,KELLY
E816HE77RUS,MITCHELL
T6329O50RUS,MOORE
X504X8197RUS,HALL
9470EX178RUS,PETERSON
C412X938RUS,JOHNSON
7831C8197RUS,ROBERTS
Y652O8197RUS,WALKER
E53477152RUS,HILL
E822TH36RUS,WOOD
8437XX154RUS,CAMPBELL
C515X938RUS,GRAY
7172TT36RUS,ROSS
8436XX154RUS,ROBERTS
E79988152RUS,THOMPSON
8180XX154RUS,KIM
84438C154RUS,MENDOZA
T6309O50RUS,TURNER
9594HY161RUS,BAILEY
T6129O50RUS,HALL
K339T8197RUS,JACKSON
72457Y96RUS,STEWART
Y7449Y50RUS,EDWARDS
X782CO96RUS,ROBINSON
E591HE77RUS,MYERS
X760HY197RUS,CLARK
O058M7161RUS,PEREZ
H220X836RUS,COLLINS
T913CT197RUS,WHITE
T6439O50RUS,TURNER
O752MX161RUS,WRIGHT
9137X938RUS,MARTIN
7064C8197RUS,KIM
92828M178RUS,COOPER
Y650E8750RUS,MENDOZA
8321XX154RUS,GARCIA
8316XX154RUS,WATSON
T017OX197RUS,KING
H977HY161RUS,ALLEN
X522OM161RUS,ALVAREZ
O085E8197RUS,THOMAS
705387163RUS,ROBERTS
X4138H125RUS,FOSTER
8441XX154RUS,DIAZ
M0269X197RUS,RAMIREZ
T483CT96RUS,SCOTT
T940CC96RUS,SANDERS
C58078163RUS,SCOTT
8611T8154RUS,JONES
C583EY154RUS,HERNANDEZ
9942KK197RUS,HARRIS
704787163RUS,HARRIS
C313MM99RUS,MURPHY
X763HY197RUS,CRUZ
M386M9197RUS,COX
8605T8154RUS,WILLIAMS
Y7379Y50RUS,MILLER
K326T8197RUS,TURNER
Y344E877RUS,RUIZ
Y359EY197RUS,MURPHY
X759HY197RUS,BROOKS
E552MO152RUS,PRICE
9469EX178RUS,CASTILLO
Y6839Y50RUS,HALL
H237YH197RUS,MORGAN
T948OM96RUS,THOMPSON
T395KX197RUS,DAVIS
M301CH161RUS,NELSON
9496KX178RUS,YOUNG
9488EY178RUS,PATEL
T6319O50RUS,ANDERSON
H305T8197RUS,CARTER
O64297197RUS,RIVERA
9523M8178RUS,DAVIS
T6229O50RUS,PATEL
X023HY197RUS,RUIZ
8226XX154RUS,SANDERS
Y038TO197RUS,HUGHES
M0289X197RUS,WATSON
E811HE77RUS,JACKSON
O785T9163RUS,GONZALEZ
X795O796RUS,HARRIS
O39997197RUS,CLARK
97968K152RUS,ORTIZ
9943OH154RUS,CARTER
H219X836RUS,ROBINSON
T6169O50RUS,KELLY
94178K154RUS,HERNANDEZ
O78097197RUS,JOHNSON
X5707X161RUS,MOORE
Y232E877RUS,REYES
Y388E877RUS,CASTILLO
97998K152RUS,HUGHES
Y963O8197RUS,HILL
T477KX197RUS,ROBINSON
T2639T116RUS,ALLEN
O49797197RUS,MORALES
708187163RUS,DAVIS
O68897197RUS,ROBERTS
E948C8152RUS,SMITH
C514X938RUS,HUGHES
C589EY154RUS,STEWART
8607XX154RUS,GRAY
92778M178RUS,REED
T288CT96RUS,TORRES
9886HX152RUS,HOWARD
C592EY154RUS,KIM
T6459O50RUS,YOUNG
92898M178RUS,ROBINSON
9671EC178RUS,CLARK
M578CH197RUS,LOPEZ
Y207O8161RUS,ROBINSON
96659X178RUS,COOPER
T912CT197RUS,REYES
7183TT36RUS,MILLER
89557X197RUS,MURPHY
K2817K154RUS,JIMENEZ
E396MO152RUS,WHITE
Y964O8197RUS,MITCHELL
E394MO152RUS,GOMEZ
O50699163RUS,FLORES
E33177152RUS,THOMAS
K338T8197RUS,HERNANDEZ
O22097197RUS,JAMES
Y687HM197RUS,REED
98037H178RUS,SANDERS
7828C8197RUS,JACKSON
H980HY161RUS,GARCIA
Y305E877RUS,PARKER
8521XX154RUS,CHAVEZ
H906YK197RUS,RODRIGUEZ
7199MT197RUS,WARD
X908XC197RUS,WOOD
T171CC96RUS,SMITH
X4108H125RUS,JIMENEZ
Y966O8197RUS,DAVIS
K2797K154RUS,CLARK
7089H8163RUS,PRICE
7841C8197RUS,HALL
9940KK197RUS,WATSON
9028CO161RUS,ALLEN
H971HY161RUS,BENNETT
T6359O50RUS,COOK
H844YH197RUS,KING
Y195O8161RUS,JAMES
E33477152RUS,JAMES
Y156E877RUS,WILLIAMS
9939KK197RUS,WARD
Y969O8197RUS,RICHARDSON
9502XX38RUS,ROGERS
T6249O50RUS,THOMPSON
M372CH197RUS,BROWN
K040CC197RUS,MITCHELL
E41577152RUS,SMITH
9763HY161RUS,LONG
T535ET96RUS,MENDOZA
H961HY161RUS,HARRIS
M2169X197RUS,MORGAN
8234XX154RUS,COOPER
9938KK197RUS,WALKER
C803KE163RUS,BENNETT
E52677152RUS,PHILLIPS
8451M7154RUS,COOPER
9589EY178RUS,COOK
H907YK197RUS,MILLER
O39897197RUS,MITCHELL
M3879X197RUS,MORALES
H618YC38RUS,WILSON
C299K9154RUS,CLARK
9468EX178RUS,WARD
8224XX154RUS,MARTINEZ
Y653E8750RUS,JAMES
708487163RUS,MITCHELL
K558KC161RUS,WILLIAMS
T242H8197RUS,THOMAS
K27188138RUS,PHILLIPS
96629X178RUS,BAKER
9881HX152RUS,BROOKS
M680T9152RUS,ADAMS
9068EM178RUS,RIVERA
C410X938RUS,HOWARD
X762HY197RUS,THOMAS
9762HY161RUS,KELLY
H419XE197RUS,WILLIAMS
Y780EE197RUS,TORRES
M580CH197RUS,GREEN
Y354O8197RUS,BROWN
7065C8197RUS,HARRIS
E28777161RUS,THOMAS
M701T9152RUS,HARRIS
E577HE77RUS,ALVAREZ
9072EM178RUS,CARTER
C3829X154RUS,BENNETT
T478KX197RUS,PEREZ
T119CT96RUS,COLLINS
H983HY161RUS,GOMEZ
7842C8197RUS,MARTINEZ
O64097197RUS,GARCIA
Y693HM197RUS,THOMPSON
O49897197RUS,ROBINSON
H963X936RUS,SANDERS
T341CC96RUS,KIM
9141H8178RUS,HERNANDEZ
9890HX152RUS,GUTIERREZ
C419X938RUS,JONES
M0319X197RUS,FOSTER
M577CH197RUS,SANCHEZ
H975HY161RUS,MILLER
X018HY197RUS,STEWART
9491H7178RUS,JIMENEZ
96679X178RUS,GREEN
9764HY161RUS,WALKER
Y656E8750RUS,WILSON
X320MK197RUS,CARTER
H235YH197RUS,RAMOS
9474EX178RUS,MITCHELL
Y8259C197RUS,CAMPBELL
E29577161RUS,REYES
T396KX197RUS,MENDOZA
Y164O8161RUS,BAILEY
M942OT152RUS,SANDERS
Y7429Y50RUS,PETERSON
H976HY161RUS,COLLINS
O669E8197RUS,SANCHEZ
7164YM36RUS,RUIZ
98047H178RUS,CHAVEZ
O481OH77RUS,DAVIS
Y274O8197RUS,YOUNG
E223YM197RUS,ROBINSON
Y964EE197RUS,COOPER
T6049O50RUS,CAMPBELL
H259HY161RUS,KING
K889HY161RUS,GARCIA
O421OT161RUS,ROBERTS
7360C8197RUS,FOSTER
E29677161RUS,WRIGHT
666660197RUS,MISSI
777770197RUS,SIPPI
888880197RUS,SILVERHAND
